anio_cohorte,tipo_recurso,cantidad_pozos,mes1_media,mes1_mediana,mes1_p25,mes1_p75,acum_6m_media,acum_6m_mediana,acum_6m_p25,acum_6m_p75,acum_12m_media,acum_12m_mediana,acum_12m_p25,acum_12m_p75,acum_24m_media,acum_24m_mediana,acum_24m_p25,acum_24m_p75
2012,CONVENCIONAL,1217,188.37,70.69,12.24,230.27,1680.76,944.28,308.5,2236.2,3009.31,1804.48,686.12,4054.38,5013.84,3252.7,1360.33,6657.2
2012,NO CONVENCIONAL,90,253.73,82.65,18.75,335.36,1836.39,1113.39,323.11,2622.07,3093.67,2075.86,706.26,4297.66,4594.37,3240.14,896.9,6702.52
2012,No informado,127,187.55,58.53,12.12,153.05,1828.89,715.12,206.94,1890.11,3447.96,1479.34,520.42,3563.88,6115.7,3120.97,1065.63,6065.63
2012,SIN RESERVORIO,13,29.89,24.6,14.07,48.47,,,,,,,,,,,,
2013,CONVENCIONAL,1332,182.4,70.43,15.9,224.87,1779.89,1120.82,450.08,2299.34,3168.64,2086.55,938.39,3944.81,5323.6,3428.1,1767.11,6665.66
2013,NO CONVENCIONAL,159,226.71,92.24,18.6,335.13,2442.09,2386.36,809.33,3421.17,3992.65,3553.19,1327.87,5800.22,5818.53,5639.97,2928.68,7957.41
2013,No informado,49,124.15,21.44,8.26,53.27,808.78,267.05,140.69,453.57,1433.66,563.1,308.05,996.25,2266.4,1238.8,621.41,1966.69
2013,SIN RESERVORIO,2,11.33,11.33,10.83,11.84,,,,,,,,,,,,
2014,CONVENCIONAL,1268,185.8,65.91,15.73,206.9,1737.98,978.66,394.71,2206.01,3130.93,1832.33,798.86,3925.07,5372.94,3314.49,1519.54,6603.29
2014,NO CONVENCIONAL,255,182.39,54.26,5.76,233.83,2493.35,1946.64,502.54,3619.07,3887.38,3212.93,989.07,5677.4,5422.04,4576.4,1737.84,7238.59
2014,No informado,44,45.63,17.78,5.35,43.2,329.67,198.68,56.32,506.79,801.04,556.01,175.51,861.33,1844.98,1067.89,474.05,1937.05
2014,SIN RESERVORIO,3,9.92,9.73,4.88,14.86,,,,,,,,,,,,
2015,CONVENCIONAL,1339,175.64,62.79,13.58,196.55,1648.36,978.91,345.24,2126.21,3007.06,1807.45,757.07,3794.77,5233.7,3317.02,1569.39,6544.49
2015,NO CONVENCIONAL,353,168.85,41.82,5.28,186.52,2295.81,1471.3,242.53,2917.75,3596.06,2297.2,446.97,4201.08,5237.13,3404.15,747.4,5346.22
2015,No informado,54,26.71,11.47,3.24,30.61,281.52,169.51,77.99,360.77,659.89,403.16,247.46,910.68,1448.82,1243.69,615.68,1794.25
2015,SIN RESERVORIO,2,15.52,15.52,9.87,21.17,,,,,,,,,,,,
2016,CONVENCIONAL,939,141.25,46.83,8.59,165.73,1419.07,913.77,301.11,1841.35,2680.98,1840.27,635.36,3540.98,4752.44,3309.59,1302.52,6228.86
2016,NO CONVENCIONAL,243,163.53,30.36,7.98,161.95,3746.38,819.34,127.32,7976.08,6686.56,1384.32,206.28,13738.02,10581.47,3080.96,331.38,21453.14
2016,No informado,74,32.99,7.14,2.94,32.82,499.34,281.48,117.65,662.01,1017.64,581.86,290.82,1344.06,1890.64,1145.88,572.83,2288.27
2016,SIN RESERVORIO,1,25.35,25.35,25.35,25.35,125.72,125.72,125.72,125.72,,,,,,,,
2017,CONVENCIONAL,839,168.52,38.11,7.71,145.12,1553.31,732.13,196.07,1847.21,2897.19,1516.3,417.67,3427.58,5018.14,2689.46,891.47,6098.45
2017,NO CONVENCIONAL,208,250.77,56.06,7.98,275.96,4272.98,1230.9,205.66,7791.46,7575.76,2214.38,393.19,12892.44,12013.62,4144.49,658.07,19706.4
2017,No informado,72,43.95,27.81,11.48,42.58,462.73,202.57,116.98,526.01,962.78,506.71,256.05,1084.48,1887.25,976.18,643.75,2223.14
2018,CONVENCIONAL,739,217.38,65.46,11.38,235.11,1823.73,928.84,256.83,2381.69,3196.67,1747.25,602.34,4088.13,5338.55,3147.42,1198.99,6694.65
2018,NO CONVENCIONAL,320,271.92,67.67,13.11,292.21,5488.6,1320.41,356.5,8078.76,9915.79,2404.54,644.88,15255.32,15455.24,3944.06,1275.82,22846.71
2018,No informado,20,52.88,23.13,9.9,88.05,543.83,387.5,291.94,803.43,1062.9,748.81,537.0,1798.89,1861.2,1577.5,948.27,2640.75
2019,CONVENCIONAL,899,176.74,56.68,10.49,213.05,1510.37,897.24,249.28,1995.42,2712.68,1639.81,487.21,3546.07,4701.65,2961.74,1085.22,6224.3
2019,NO CONVENCIONAL,295,413.89,56.77,5.81,443.34,8191.13,2424.65,246.43,16348.61,14953.71,4498.37,466.28,28332.81,23835.72,8447.89,855.42,42171.06
2019,No informado,37,53.27,21.53,4.55,51.92,521.19,307.75,103.39,735.8,946.93,644.13,187.18,1239.27,1924.77,1846.57,824.8,2295.49
2020,CONVENCIONAL,347,181.74,57.0,8.25,199.62,1590.37,1011.01,309.73,2064.45,2836.69,1857.57,633.32,4009.19,4783.66,3285.75,1290.69,6406.21
2020,NO CONVENCIONAL,123,686.55,163.19,5.05,1115.45,13612.73,14040.28,199.17,20484.5,24746.25,27788.71,363.28,40554.9,38603.4,41985.52,710.99,61280.62
2020,No informado,18,39.28,13.28,1.04,27.34,428.33,137.19,25.9,705.99,1043.07,697.01,224.59,1649.76,2309.07,1538.09,898.85,3219.3
2021,CONVENCIONAL,417,181.33,75.97,15.06,221.44,1720.75,1047.22,333.17,2264.34,3039.02,1981.99,637.89,3993.19,5011.85,3518.85,1365.76,6763.93
2021,NO CONVENCIONAL,274,750.33,339.19,43.94,1213.77,16521.31,17457.52,4581.94,24074.34,28582.85,30455.71,7975.54,42650.56,44585.39,47922.53,15016.21,64917.61
2021,No informado,15,25.58,12.7,1.06,36.54,461.41,307.58,93.53,578.18,956.28,653.84,366.05,1241.55,2173.05,1432.25,1242.35,3207.56
2022,CONVENCIONAL,544,193.91,71.59,15.08,192.18,1630.58,978.31,315.57,2137.86,2895.84,1887.16,624.83,3831.74,4957.79,3273.36,1363.72,6581.66
2022,NO CONVENCIONAL,297,716.6,285.85,53.8,1051.65,17179.07,17804.35,6241.3,25920.26,30418.69,31398.95,12142.32,45895.81,46387.26,45485.7,18006.21,68642.03
2022,NO DISCRIMINADO,1,872.3,872.3,872.3,872.3,2852.16,2852.16,2852.16,2852.16,6708.79,6708.79,6708.79,6708.79,11822.45,11822.45,11822.45,11822.45
2022,No informado,17,46.08,29.99,11.12,65.34,546.64,406.91,249.78,618.41,927.13,684.24,495.51,1121.06,1730.73,1307.02,1062.59,2155.14
2023,CONVENCIONAL,549,164.99,53.93,10.42,182.9,1382.43,852.97,268.25,1788.42,2508.69,1592.73,603.85,3253.73,4391.58,3036.37,1298.28,5811.31
2023,NO CONVENCIONAL,406,743.82,230.19,9.95,1038.65,14200.85,15109.68,498.79,23483.34,23903.08,24889.98,818.67,40093.33,38194.76,41521.87,4361.42,62052.48
2023,No informado,15,111.66,46.53,9.31,137.35,822.17,396.11,96.95,1076.62,1433.67,1062.53,426.86,1696.46,2789.52,2125.08,955.35,3688.37
2024,CONVENCIONAL,407,182.17,77.73,13.69,255.71,1736.79,1183.63,367.43,2407.21,3271.4,2245.08,824.17,4390.91,4375.1,2846.59,1766.07,5240.09
2024,NO CONVENCIONAL,434,847.92,493.29,123.73,1091.24,18353.51,18751.68,9940.76,26228.74,31571.92,33427.38,21058.33,41781.52,50043.17,54843.19,46515.86,62912.76
2024,No informado,13,28.89,19.43,7.78,45.13,564.6,429.32,154.72,777.09,1261.99,1469.34,332.04,1822.28,,,,
2025,CONVENCIONAL,261,180.68,60.11,13.67,255.84,1807.34,1276.38,548.85,2295.4,2446.49,976.56,481.51,2300.14,,,,
2025,NO CONVENCIONAL,472,1107.43,543.46,159.35,1350.61,20417.03,21121.61,12513.49,27718.69,46923.69,46876.07,39550.29,54372.56,,,,
2025,No informado,29,42.16,13.06,6.15,48.2,545.39,417.52,175.01,684.11,267.37,267.37,267.37,267.37,,,,
