fecha,produccion_convencional_miles_m3,produccion_no_convencional_miles_m3,produccion_total_miles_m3,share_no_convencional_pct,estado_crossover
2021-01,1763.67,683.24,2446.9,27.92,CONVENCIONAL MAYOR
2021-02,1598.67,635.9,2234.56,28.46,CONVENCIONAL MAYOR
2021-03,1758.16,736.8,2494.96,29.53,CONVENCIONAL MAYOR
2021-04,1712.8,727.49,2440.29,29.81,CONVENCIONAL MAYOR
2021-05,1772.62,754.29,2526.91,29.85,CONVENCIONAL MAYOR
2021-06,1690.33,752.91,2443.24,30.82,CONVENCIONAL MAYOR
2021-07,1746.38,826.54,2572.91,32.12,CONVENCIONAL MAYOR
2021-08,1746.87,810.2,2557.08,31.68,CONVENCIONAL MAYOR
2021-09,1684.98,859.73,2544.7,33.78,CONVENCIONAL MAYOR
2021-10,1711.7,967.18,2678.88,36.1,CONVENCIONAL MAYOR
2021-11,1685.38,974.25,2659.64,36.63,CONVENCIONAL MAYOR
2021-12,1712.29,1047.51,2759.81,37.96,CONVENCIONAL MAYOR
2022-01,1710.2,1099.84,2810.04,39.14,CONVENCIONAL MAYOR
2022-02,1545.0,988.63,2533.63,39.02,CONVENCIONAL MAYOR
2022-03,1697.37,1120.91,2818.29,39.77,CONVENCIONAL MAYOR
2022-04,1640.2,1118.98,2759.18,40.55,CONVENCIONAL MAYOR
2022-05,1699.57,1187.25,2886.82,41.13,CONVENCIONAL MAYOR
2022-06,1641.86,1138.86,2780.72,40.96,CONVENCIONAL MAYOR
2022-07,1683.88,1214.73,2898.61,41.91,CONVENCIONAL MAYOR
2022-08,1684.01,1236.3,2920.31,42.33,CONVENCIONAL MAYOR
2022-09,1616.27,1261.83,2878.1,43.84,CONVENCIONAL MAYOR
2022-10,1692.43,1358.9,3051.33,44.53,CONVENCIONAL MAYOR
2022-11,1626.38,1320.37,2946.75,44.81,CONVENCIONAL MAYOR
2022-12,1674.67,1393.23,3067.9,45.41,CONVENCIONAL MAYOR
2023-01,1658.44,1429.86,3088.29,46.3,CONVENCIONAL MAYOR
2023-02,1511.79,1327.4,2839.19,46.75,CONVENCIONAL MAYOR
2023-03,1655.98,1507.2,3163.17,47.65,CONVENCIONAL MAYOR
2023-04,1606.74,1437.56,3044.3,47.22,CONVENCIONAL MAYOR
2023-05,1650.23,1488.71,3138.94,47.43,CONVENCIONAL MAYOR
2023-06,1589.17,1414.28,3003.45,47.09,CONVENCIONAL MAYOR
2023-07,1621.23,1462.89,3084.12,47.43,CONVENCIONAL MAYOR
2023-08,1614.54,1494.93,3109.47,48.08,CONVENCIONAL MAYOR
2023-09,1595.11,1484.06,3079.17,48.2,CONVENCIONAL MAYOR
2023-10,1639.43,1623.46,3262.88,49.76,CONVENCIONAL MAYOR
2023-11,1574.3,1645.78,3220.08,51.11,NO CONVENCIONAL MAYOR
2023-12,1622.92,1761.48,3384.4,52.05,NO CONVENCIONAL MAYOR
2024-01,1619.69,1730.19,3349.88,51.65,NO CONVENCIONAL MAYOR
2024-02,1486.84,1651.05,3137.89,52.62,NO CONVENCIONAL MAYOR
2024-03,1591.45,1802.2,3393.64,53.11,NO CONVENCIONAL MAYOR
2024-04,1538.38,1759.16,3297.54,53.35,NO CONVENCIONAL MAYOR
2024-05,1581.32,1834.97,3416.29,53.71,NO CONVENCIONAL MAYOR
2024-06,1387.17,1810.15,3197.32,56.61,NO CONVENCIONAL MAYOR
2024-07,1441.55,1933.44,3374.99,57.29,NO CONVENCIONAL MAYOR
2024-08,1529.51,2015.48,3544.99,56.85,NO CONVENCIONAL MAYOR
2024-09,1509.48,1867.4,3376.88,55.3,NO CONVENCIONAL MAYOR
2024-10,1560.59,2104.92,3665.51,57.43,NO CONVENCIONAL MAYOR
2024-11,1508.92,2113.02,3621.94,58.34,NO CONVENCIONAL MAYOR
2024-12,1542.61,2232.71,3775.32,59.14,NO CONVENCIONAL MAYOR
