anio,pozos_con_fractura,pozos_no_convencionales_activos,cobertura_pct,longitud_h_media_m,longitud_h_mediana_m,longitud_h_p25_m,longitud_h_p75_m,etapas_media,etapas_mediana,etapas_p25,etapas_p75,arena_media_tn,arena_mediana_tn,arena_p25_tn,arena_p75_tn
2014,320,633,50.55,69.7,0.0,0.0,0.0,5.3,5.0,4.0,5.0,769.0,835.0,136.5,1135.6
2015,342,960,35.63,176.8,0.0,0.0,0.0,5.7,4.0,3.0,6.0,911.2,757.2,205.1,1054.8
2016,263,1147,22.93,576.7,0.0,0.0,1382.3,9.5,8.0,3.0,18.0,1691.2,844.3,219.9,3559.2
2017,291,1305,22.3,867.0,892.1,0.0,1614.4,13.7,12.0,3.0,21.0,2506.2,1214.8,254.1,4553.1
2018,339,1595,21.25,1084.0,1095.0,0.0,2006.5,15.7,15.0,4.0,27.0,3346.0,1869.6,279.9,6107.0
2019,313,1826,17.14,1337.2,1908.3,0.0,2325.0,21.4,25.0,4.0,34.0,4882.7,5324.0,166.0,8516.0
2020,115,1854,6.2,1622.8,2010.0,0.0,2491.5,28.1,31.0,15.0,38.0,6515.6,6944.0,3634.8,9538.1
2021,343,2091,16.4,1710.1,2325.0,0.0,2625.0,30.0,33.0,15.0,41.0,6718.0,7848.3,1449.5,9568.7
2022,414,2346,17.65,1783.5,2312.0,8.0,2795.5,31.2,35.5,7.0,47.0,7309.5,8074.4,745.4,10545.7
2023,403,2711,14.87,2136.8,2520.0,1665.0,2962.0,35.3,41.0,24.5,48.0,7929.7,9441.0,5814.3,11130.4
2024,364,3072,11.85,2629.2,2838.5,2375.8,3162.9,43.4,47.0,37.0,53.0,10129.9,10860.6,8602.6,12566.6
2025,438,3564,12.29,3035.8,2999.4,2619.5,3502.3,51.2,50.0,43.0,56.8,11654.8,11698.5,9862.9,13117.4
